TIME,USDKRW,KRWEUR,EURCNY,KRWJPY,KRWCNY,EURKRW,GBPEUR,JPYKRW,GBPUSD
2018-10-25 16:23:35,0.098383,0.0007691,7.9218,0.006091,0.006091,1298.1,1.1316,10.134,1.2909389
