TIME,Now,Changes,Changespercent,DayMin,DayMax,YearMin,YearMax
2018-10-25 16:23:35,1138.85,1.4499512,0.12747943,1137.4,1137.7,1132,1140.15
