TIME,Now,Changes,Changespercent,DayMin,DayMax,YearMin,YearMax
2018-10-25 15:29:48,1137.51,0.10998535,0.009669892,1137.4,1137.7,1132,1140.15
